year,monarchid,runid,monarchrunid,monarchcatchsite,monarchcatchdate,monarchmass,trialdate,dayscaptive,trialsite,samecatchtrial,attachment,transmitterid,experiment,distance,temp,cloud,windspeed,winddirection,starttime,endtime,secobserved,numpoints,fly,dudtime,foundresources,firstlandon,foundalt,altresource,foundcover,cover,landcoverclass,releaseplant,releaseN,releaseE,resources,resourcecentroidN,resourcecentroidE,euclidiandistance,euclidianbearing,firststep,firstbearing
2018,18150,a,18150a,AdaHayden,7/20/2018,0.3,7/21/2018,1,BGE,n,battery,na,Perception,25,80.3,mostly clear,5.1,SSE,13:55:00,14:02:12,432,5,yes,,no,grass,no,,no,,Sod,vegetative blazing star,4667940.73,612196.735,"2 cmw, 2 purple blazing star",4667966.139,612196.635,105.557086,115.9678877,6.754095055,175.158865
2017,17100,a,17100a,BeefFarm,7/16/2017,0.64,7/20/2017,4,TurfStation,n,transmitter,na,Perception,5,85,mostly clear,2.5,E,8:55:00,9:25:00,1800,2,yes,,no,grass,no,,no,,Sod,vegetative wild bergamot,4662528.465,451813.001,"3 cmw, 2 purple blazing star","4,662,528.28","451,807.98",2.4989998,199.8851651,2.4989998,199.8851651
2017,17100,b,17100b,BeefFarm,7/16/2017,0.64,7/23/2017,7,BGE,n,transmitter,na,Perception,10,83,clear,5,E,9:37:00,9:37:34,34,2,yes,,no,grass,no,,no,,Sod,vegetative wild bergamot,4668615.338,613114.042,"2 cmw, 1 purple blazing star",4668614.905,613104.49,11.00872381,46.91405663,11.00872381,46.91405663
2017,17100,c,17100c,BeefFarm,7/16/2017,0.64,7/23/2017,7,BGE,n,transmitter,na,Perception,10,83,clear,5,E,9:41:00,9:51:00,600,1,no,10,no,,no,,no ,,Sod,vegetative wild bergamot,4668615.338,613114.042,"2 cmw, 1 purple blazing star",4668614.905,613104.49,,,,
2017,17100,d,17100d,BeefFarm,7/16/2017,0.64,7/23/2017,7,BGE,n,transmitter,na,Perception,10,83,clear,5,E,9:53:00,9:58:04,304,2,yes,,no,grass,no,,no,,Sod,vegetative wild bergamot,4668615.338,613114.042,"2 cmw, 1 purple blazing star",4668614.905,613104.49,,,,
2017,17101,a,17101a,Jesse,7/17/2017,0.46,7/20/2017,3,TurfStation,n,transmitter,na,Perception,5,77,mostly cloudy,1,E,7:59:00,8:29:00,1800,5,yes,,no,grass,no,,no,,Sod,vegetative wild bergamot,4662528.465,451813.001,"3 cmw, 2 purple blazing star","4,662,528.28","451,807.98",11.21346512,108.5642115,1.312440475,197.7446716
2017,17102,a,17102a,Van2,7/17/2017,0.48,7/22/2017,5,BGE,n,transmitter,na,Perception,10,80,cloudy,3,W,10:42:00,10:49:00,420,1,no,7,no,,no,,no ,,Sod,vegetative wild bergamot,4668615.031,613084.843,"2 cmw, 1 purple blazing star","4,668,614.57","613,095.30",,,,
2017,17103,a,17103a,BeefFarm,7/17/2017,0.33,7/20/2017,3,TurfStation,n,transmitter,na,Perception,5,86,mostly clear,1.5,E,8:43:00,8:46:00,180,4,yes,,no,grass,no,,no,,Sod,vegetative wild bergamot,4662528.465,451813.001,"3 cmw, 2 purple blazing star","4,662,528.28","451,807.98",72.26967967,95.39109886,4.378333016,176.4644804
2017,17106,a,17106a,AdaHayden,7/19/2017,0.46,7/22/2017,3,BGE,n,transmitter,na,Perception,5,71.5,cloudy,3,W,8:39:00,9:11:00,1930,5,yes,,no,grass,no,,no ,,Sod,vegetative wild bergamot,4668614.017,613090.376,"2 cmw, 1 purple blazing star","4,668,614.57","613,095.30",32.1065118,207.0279406,8.554677083,234.5635376
2017,17106,b,17106b,AdaHayden,7/19/2017,0.46,7/22/2017,3,BGE,n,transmitter,na,Perception,5,76,cloudy,3.5,W,9:14:00,9:19:00,300,2,yes,,yes,resources: blazing star,no,,no ,,Sod,vegetative wild bergamot,4668614.017,613090.376,"2 cmw, 1 purple blazing star","4,668,614.57","613,095.30",4.950646423,83.62146622,4.950646423,83.62146622
2017,17106,c,17106c,AdaHayden,7/19/2017,0.46,7/22/2017,3,BGE,n,transmitter,na,Perception,5,76,cloudy,3.5,W,9:56:00,9:58:00,120,2,yes,,yes,resources: blazing star,no,,no ,,Sod,vegetative wild bergamot,4668614.017,613090.376,"2 cmw, 1 purple blazing star","4,668,614.57","613,095.30",4.950646423,83.62146622,4.950646423,83.62146622
2017,17106,d,17106d,AdaHayden,7/19/2017,0.46,7/22/2017,3,BGE,n,transmitter,na,Perception,5,76,cloudy,3.5,W,10:02:00,10:02:10,10,2,yes,,yes,resources: blazing star,no,,no ,,Sod,vegetative wild bergamot,4668614.017,613090.376,"2 cmw, 1 purple blazing star","4,668,614.57","613,095.30",4.950646423,83.62146622,4.950646423,83.62146622
2017,17106,e,17106e,AdaHayden,7/19/2017,0.46,7/22/2017,3,BGE,n,transmitter,na,Perception,10,76,cloudy,3.5,W,10:03:00,10:04:00,60,2,yes,,yes,resources: blazing star,no,,no ,,Sod,vegetative wild bergamot,4668613.984,613085.439,"2 cmw, 1 purple blazing star","4,668,614.57","613,095.30",9.877636357,86.57563387,9.877636357,86.57563387
2017,17106,f,17106f,AdaHayden,7/19/2017,0.46,7/22/2017,3,BGE,n,transmitter,na,Perception,10,76,cloudy,3.5,W,10:07:00,10:15:00,480,1,no,8,no,,no,,no ,,Sod,vegetative wild bergamot,4668613.984,613085.439,"2 cmw, 1 purple blazing star","4,668,614.57","613,095.30",,,,
2017,17109,a,17109a,TurfStation,7/22/2017,0.37,7/22/2017,0,BGE,n,transmitter,na,Perception,10,86,cloudy,0,SE,11:50:00,10:50:00,83407,4,yes,,no,grass,yes,blooming common milkweed,yes,corn,Sod,vegetative wild bergamot,4668613.984,613085.439,"2 cmw, 1 purple blazing star","4,668,614.57","613,095.30",442.1691694,105.962483,116.8315163,107.1445539
2017,17110,a,17110a,TurfStation,7/22/2017,,7/23/2017,1,BGE,n,none,na,Perception,10,83,clear,11,E,10:30:00,10:30:34,34,2,yes,,no,grass,no,,no,,Sod,vegetative wild bergamot,4668615.338,613114.042,"2 cmw, 1 purple blazing star",4668614.905,613104.49,42.27446629,147.6670599,42.27446629,147.6670599
2017,17110,b,17110b,TurfStation,7/22/2017,,7/23/2017,1,BGE,n,none,na,Perception,0,83,clear,11,E,10:35:00,10:35:12,12,2,yes,,no,grass,no,,yes,corn,Sod,blazing star,4668614.905,613104.49,"2 cmw, 1 purple blazing star",4668614.905,613104.49,169.8489553,140.0778127,169.8489553,140.0778127
2017,17111,a,17111a,TurfStation,7/22/2017,0.19,7/22/2017,0,BGE,n,transmitter,na,Perception,50,89,cloudy,2,SE,1:41:00,1:44:00,187,3,yes,,no,grass,no,,no ,,Sod,vegetative wild bergamot,4668613.736,613063.518,"2 cmw, 1 purple blazing star","4,668,614.57","613,095.30",4.021007337,144.4126294,7.137632661,177.3500528
2017,17111,b,17111b,TurfStation,7/22/2017,0.19,7/22/2017,0,BGE,n,none,na,Perception,50,89,cloudy,2,SE,1:47:00,1:49:00,127,3,yes,,no,grass,no,,no ,,Sod,vegetative wild bergamot,4668613.736,613063.518,"2 cmw, 1 purple blazing star","4,668,614.57","613,095.30",132.6248698,30.14355485,92.87336001,32.52134714
2017,17111,c,17111c,TurfStation,7/22/2017,0.19,7/23/2017,1,BGE,n,transmitter,na,Perception,10,83,clear,11,E,10:10:00,10:20:00,600,1,no,10,no,,no,,no ,,Sod,vegetative wild bergamot,4668615.338,613114.042,"2 cmw, 1 purple blazing star",4668614.905,613104.49,,,,
2017,17113,a,17113a,BGE,7/22/2017,0.29,7/23/2017,1,BGE,y,transmitter,na,Perception,5,79,clear,6,E,8:18:00,8:18:34,34,2,yes,,no,grass,no,,no,,Sod,vegetative wild bergamot,4668615.172,613109.922,"2 cmw, 1 purple blazing star",4668614.905,613104.49,24.83453241,99.12854943,24.83453241,99.12854943
2017,17113,b,17113b,BGE,7/22/2017,0.29,7/23/2017,1,BGE,y,transmitter,na,Perception,5,79,clear,6,E,8:24:00,8:25:07,67,3,yes,,no,grass,no,,no,,Sod,vegetative wild bergamot,4668615.172,613109.922,"2 cmw, 1 purple blazing star",4668614.905,613104.49,26.34076878,78.37012569,11.88246607,79.67358945
2017,17113,c,17113c,BGE,7/22/2017,0.29,7/23/2017,1,BGE,y,transmitter,na,Perception,5,79,clear,6,E,8:32:00,8:33:04,64,2,yes,,no,grass,no,,no,,Sod,vegetative wild bergamot,4668614.795,613099.433,"2 cmw, 1 purple blazing star",4668614.905,613104.49,35.69328228,78.52636574,35.69328228,78.52636574
2017,17113,d,17113d,BGE,7/22/2017,0.29,7/23/2017,1,BGE,y,transmitter,na,Perception,5,79,clear,6,E,8:37:00,8:53:04,964,3,yes,,no,grass,no,,no,,Sod,vegetative wild bergamot,4668614.795,613099.433,"2 cmw, 1 purple blazing star",4668614.905,613104.49,19.95323031,80.33468626,15.65717727,113.4868929
2017,17115,a,17115a,BGE,7/23/2017,0.79,7/24/2017,1,TurfStation,n,transmitter,na,Perception,25,80,mostly clear,2,W,10:43:00,10:45:40,160,4,yes,,no,grass,no,,no,,Sod,vegetative wild bergamot,4662549.304,451798.98,"2 cmw, 1 purple blazing star",4662548.949,451823.747,20.56329011,206.2036863,5.396044848,216.6362987
2017,17115,b,17115b,BGE,7/23/2017,0.79,7/24/2017,1,TurfStation,n,transmitter,na,Perception,25,80,mostly clear,2,W,10:46:00,10:48:32,152,3,yes,,no,,no,,yes,lost,Sod,vegetative wild bergamot,4662549.304,451798.98,"2 cmw, 1 purple blazing star",4662548.949,451823.747,432.8496119,185.3129518,165.018226,173.0911752
2017,17123,a,17123a,BGE,7/23/2017,0.51,7/24/2017,1,TurfStation,n,transmitter,na,Perception,50,82,mostly clear,2.5,W,12:10:00,12:15:07,307,3,yes,,no,grass,no,,no,,Sod,vegetative wild bergamot,4662552.12,451826.462,"2 cmw, 1 purple blazing star",4662550.86,451776.555,77.4229333,142.4832969,9.715950803,87.99458195
2017,17127,a,17127a,Jesse,7/24/2017,0.64,7/25/2017,1,TurfStation,n,transmitter,na,Perception,25,75.5,clear,11.5,N,9:57:00,9:58:34,94,2,yes,,no,,no,,no ,,Sod,vegetative wild bergamot,4662532.08,451810.629,"2 cmw, 3 purple blazing star","4,662,507.21","451,810.00",38.89893572,290.0560947,38.89893572,290.0560947
2017,17127,b,17127b,Jesse,7/24/2017,0.64,7/25/2017,1,TurfStation,n,transmitter,na,Perception,25,75.5,clear,11.5,N,10:08:00,10:09:34,94,2,yes,,no,,no,,no ,,Sod,vegetative wild bergamot,4662532.08,451810.629,"2 cmw, 3 purple blazing star","4,662,507.21","451,810.00",26.87879834,280.0055102,26.87879834,280.0055102
2017,17127,c,17127c,Jesse,7/24/2017,0.64,7/25/2017,1,TurfStation,n,transmitter,na,Perception,25,75.5,clear,11.5,N,10:17:00,10:18:34,94,2,yes,,no,,no,,yes,lost,Sod,vegetative wild bergamot,4662532.08,451810.629,"2 cmw, 3 purple blazing star","4,662,507.21","451,810.00",121.8637834,358.0061086,121.8637834,358.0061086
2017,17134,a,17134a,AdaHayden,7/25/2017,0.63,7/27/2017,2,TurfStation,n,transmitter,na,Perception,25,83,mostly clear,4,S,11:31:00,12:22:44,3104,6,yes,,no,grass,no,,yes,tree,Sod,vegetative wild bergamot,4662542.445,451812.722,"2 cmw, 3 purple blazing star",4662542.445,451812.722,414.6607599,195.4221154,7.391380115,6.759651337
2017,17135,a,17135a,AdaHayden,7/25/2017,0.52,7/27/2017,2,TurfStation,n,transmitter,na,Perception,25,76,clear,6,S,10:06:00,10:09:13,193,2,yes,,no,grass,no,,no ,,Sod,vegetative wild bergamot,4662542.445,451812.722,"2 cmw, 3 purple blazing star",4662542.445,451812.722,5.687925808,247.8993009,5.687925808,247.8993009
2017,17135,b,17135b,AdaHayden,7/25/2017,0.52,7/27/2017,2,TurfStation,n,transmitter,na,Perception,25,76,clear,6,S,10:10:00,10:13:13,193,2,yes,,no,grass,no,,no ,,Sod,vegetative wild bergamot,4662542.445,451812.722,"2 cmw, 3 purple blazing star",4662542.445,451812.722,20.21728468,177.0229609,20.21728468,177.0229609
2017,17137,a,17137a,AdaHayden,7/25/2017,0.52,7/27/2017,2,TurfStation,n,transmitter,na,Perception,50,79,clear,5,S,10:21:00,10:24:17,197,2,yes,,no,grass,no,,no ,,Sod,vegetative wild bergamot,4662517.17,451811.049,"2 cmw, 3 purple blazing star",4662542.445,451812.722,14.76591345,224.1768414,1.990075375,264.2321111
2017,17137,b,17137b,AdaHayden,7/25/2017,0.52,7/27/2017,2,TurfStation,n,transmitter,na,Perception,50,79,clear,5,S,10:26:00,10:26:14,14,2,yes,,no,grass,no,,no ,,Sod,vegetative wild bergamot,4662517.17,451811.049,"2 cmw, 3 purple blazing star",4662542.445,451812.722,4.522941521,208.0948419,4.522941521,208.0948419
2017,17137,c,17137c,AdaHayden,7/25/2017,0.52,7/27/2017,2,TurfStation,n,transmitter,na,Perception,50,79,clear,5,S,10:42:00,10:43:13,73,2,yes,,no,grass,no,,no ,,Sod,vegetative wild bergamot,4662517.17,451811.049,"2 cmw, 3 purple blazing star",4662542.445,451812.722,2.039436197,238.0243963,2.039436197,238.0243963
2017,17139,a,17139a,AdaHayden,7/25/2017,0.54,7/28/2017,3,TurfStation,n,transmitter,na,Perception,50,83,mostly clear,1,N,10:37:00,10:40:10,190,4,yes,,no,grass,no,,no ,,Sod,vegetative wild bergamot,4662517.264,451811.042,"2 cmw, 3 purple blazing star","4,662,567.18","451,812.76",10.19651901,98.28903615,0.588982173,40.17923391
2017,17139,b,17139b,AdaHayden,7/25/2017,0.54,7/28/2017,3,TurfStation,n,transmitter,na,Perception,50,83,mostly clear,1,N,10:41:00,10:42:04,64,2,yes,,no,grass,no,,no ,,Sod,vegetative wild bergamot,4662517.264,451811.042,"2 cmw, 3 purple blazing star","4,662,567.18","451,812.76",14.19239585,235.8844489,14.19239585,235.8844489
2017,17142,a,17142a,AdaHayden,7/25/2017,0.53,7/28/2017,3,TurfStation,n,transmitter,na,Perception,5,81,mostly clear,3,S,10:26:00,10:26:34,34,2,yes,,no,grass,no,,no ,,Sod,vegetative wild bergamot,4662561.733,451812.786,"2 cmw, 3 purple blazing star","4,662,567.18","451,812.76",43.40843351,52.87403649,43.40843351,52.87403649
2017,17144,a,17144a,AdaHayden,7/25/2017,0.36,7/27/2017,2,TurfStation,n,transmitter,na,Perception,5,81,clear,5,S,10:56:00,11:01:07,307,3,yes,,no,grass,no,,no ,,Sod,vegetative wild bergamot,4662561.959,451812.801,"2 cmw, 3 purple blazing star",4662542.445,451812.722,4.856222812,166.9081069,1.089311709,133.5121325
2017,17144,b,17144b,AdaHayden,7/25/2017,0.36,7/27/2017,2,TurfStation,n,transmitter,na,Perception,5,81,clear,5,S,11:03:00,11:04:31,91,2,yes,,no,grass,no,,no ,,Sod,vegetative wild bergamot,4662561.959,451812.801,"2 cmw, 3 purple blazing star",4662542.445,451812.722,3.002215849,200.0646315,3.002215849,200.0646315
2017,17145,a,17145a,AdaHayden,7/25/2017,0.55,7/28/2017,3,TurfStation,n,transmitter,na,Perception,5,78,mostly clear,1,S,10:03:00,10:19:00,960,1,no,16,no,,no,,no ,,Sod,vegetative wild bergamot,4662561.733,451812.786,"2 cmw, 3 purple blazing star","4,662,567.18","451,812.76",,,,
2017,17146,a,17146a,AdaHayden,7/25/2017,0.53,7/27/2017,2,TurfStation,n,transmitter,na,Perception,25,83,clear,5,S,11:14:00,11:14:16,16,2,yes,,no,grass,no,,no ,,Sod,vegetative wild bergamot,4662542.445,451812.722,"2 cmw, 3 purple blazing star",4662542.445,451812.722,,,,
2017,17146,b,17146b,AdaHayden,7/25/2017,0.53,7/27/2017,2,TurfStation,n,transmitter,na,Perception,25,83,clear,5,S,11:17:00,11:17:16,16,2,yes,,no,grass,no,,no ,,Sod,vegetative wild bergamot,4662542.445,451812.722,"2 cmw, 3 purple blazing star",4662542.445,451812.722,21.68769236,104.2540971,21.68769236,104.2540971
2017,17149,a,17149a,AdaHayden,7/25/2017,0.58,7/27/2017,2,TurfStation,n,transmitter,na,Perception,50,78,mostly clear,4.5,S,9:50:00,9:51:47,107,3,yes,,no,grass,no,,no ,,Sod,vegetative wild bergamot,4662517.17,451811.049,"2 cmw, 3 purple blazing star",4662542.445,451812.722,87.70701283,303.1881851,13.82434085,195.524111
2017,17150,a,17150a,AdaHayden,7/25/2017,0.61,7/28/2017,3,TurfStation,n,none,na,Perception,25,74.7,mostly clear,1,S,8:49:00,8:49:53,53,5,yes,,no,grass,no,,no ,,Sod,vegetative wild bergamot,4662542.397,451812.771,"2 cmw, 3 purple blazing star","4,662,567.18","451,812.76",20.60788684,281.277217,2.715326868,326.7195991
2017,17151,a,17151a,AdaHayden,7/25/2017,0.37,7/29/2017,4,BGE,n,transmitter,na,Perception,5,81,mostly clear,3,SSW,1:22:00,1:23:43,103,2,yes,,no,grass,no,,no ,,Sod,vegetative wild bergamot,4668649.344,613158.219,"3 cmw, 3 purple blazing star","4,668,652.39","613,161.98",16.07844831,235.8750582,16.07844831,235.8750582
2017,17153,a,17153a,TurfStation,7/27/2017,0.55,7/29/2017,2,BGE,n,transmitter,na,Perception,5,80,mostly cloudy,3.5,SSW,1:38:00,1:40:32,152,3,yes,,no,corn,no,,yes,corn,Sod,vegetative wild bergamot,4668649.344,613158.219,"3 cmw, 3 purple blazing star","4,668,652.39","613,161.98",238.6921972,230.5487945,252.5000792,230.7377347
2017,17154,a,17154a,TurfStation,7/27/2017,0.46,7/29/2017,2,BGE,n,transmitter,na,Perception,50,77,clear,7,SW,10:50:00,10:57:46,466,2,yes,,no,,no,,yes,lost,Sod,vegetative wild bergamot,4668620.538,613123.015,"3 cmw, 3 purple blazing star","4,668,652.39","613,161.98",644.5185345,257.9939052,644.5185345,257.9939052
2017,17159,a,17159a,AdaHayden,7/27/2017,0.55,7/29/2017,2,BGE,n,transmitter,na,Perception,5,76,clear,5.5,SW,10:13:00,10:20:06,426,7,yes,,no,grass,no,,no ,,Sod,vegetative wild bergamot,4668649.344,613158.219,"3 cmw, 3 purple blazing star","4,668,652.39","613,161.98",33.02377931,283.8763409,3.633469417,288.2853518
2017,17159,b,17159b,AdaHayden,7/27/2017,0.55,7/29/2017,2,BGE,n,transmitter,na,Perception,5,76,clear,5.5,SW,10:21:00,10:23:01,121,2,yes,,no,grass,no,,no ,,Sod,vegetative wild bergamot,4668649.344,613158.219,"3 cmw, 3 purple blazing star","4,668,652.39","613,161.98",10.94412171,235.0465801,10.94412171,235.0465801
2017,17160,a,17160a,AdaHayden,7/27/2017,0.47,7/29/2017,2,BGE,n,transmitter,na,Perception,5,74,clear,7,SW,9:53:00,10:03:00,600,1,no,10,no,,no,,no ,,Sod,vegetative wild bergamot,4668649.344,613158.219,"3 cmw, 3 purple blazing star","4,668,652.39","613,161.98",,,,
2017,17161,a,17161a,TurfStation,7/28/2017,0.67,7/29/2017,1,BGE,n,transmitter,na,Perception,5,80,mostly clear,4.4,SW,2:07:00,2:19:00,720,1,no,12,no,,no,,no ,,Sod,vegetative wild bergamot,4668649.344,613158.219,"3 cmw, 3 purple blazing star","4,668,652.39","613,161.98",,,,
2017,17164,a,17164a,BGE,7/28/2017,0.33,7/29/2017,1,BGE,y,transmitter,na,Perception,25,77,clear,6,SW,10:31:00,10:41:03,603,2,yes,,no,grass,no,,no ,,Sod,vegetative wild bergamot,4668636.534,613142.648,"3 cmw, 3 purple blazing star","4,668,652.39","613,161.98",23.7026412,225.3418562,23.7026412,225.3418562
2017,17166,a,17166a,BGE,7/28/2017,0.46,7/29/2017,1,BGE,y,transmitter,na,Perception,5,78,mostly clear,5,SW,1:56:00,1:57:34,94,2,yes,,no,,no,,no ,,Sod,vegetative wild bergamot,4668649.344,613158.219,"3 cmw, 3 purple blazing star","4,668,652.39","613,161.98",2.412985702,235.98065,2.412985702,235.98065
2017,17171,a,17171a,BGE,7/29/2017,0.56,7/30/2017,1,BGE,y,transmitter,na,Perception,5,78,clear,4,NW,9:57:00,10:00:18,198,2,yes,,no,,no,,no ,,Sod,vegetative wild bergamot,4668650.733,613168.523,"3 cmw, 3 purple blazing star","4,668,650.89","613,173.71",151.0723833,34.02351512,151.0723833,34.02351512
2017,17172,a,17172a,BGE,7/29/2017,,7/30/2017,1,BGE,y,transmitter,na,Perception,5,84,clear,3.5,NW,11:02:00,11:50:02,2882,4,yes,,no,grass,no,,yes,lost,Sod,vegetative wild bergamot,4668650.733,613168.523,"3 cmw, 3 purple blazing star","4,668,650.89","613,173.71",1479.60805,350.883997,247.3196889,352.7456772
2017,17176,a,17176a,BGE,7/29/2017,0.39,7/29/2017,0,BGE,y,transmitter,na,Perception,5,78.6,mostly clear,4.5,SSW,1:10:00,1:13:34,214,2,yes,,no,,no,,no ,,Sod,vegetative wild bergamot,4668649.344,613158.219,"3 cmw, 3 purple blazing star","4,668,652.39","613,161.98",34.43288109,321.8287546,34.43288109,321.8287546
2017,17177,a,17177a,BGE,7/29/2017,,7/30/2017,1,BGE,y,transmitter,na,Perception,5,82,mostly clear,0,NW,9:13:00,9:25:00,720,1,no,12,no,,no,,no ,,Sod,vegetative wild bergamot,4668650.733,613168.523,"3 cmw, 3 purple blazing star","4,668,650.89","613,173.71",,,,
2017,17179,a,17179a,BGE,7/29/2017,0.4,7/30/2017,1,BGE,y,transmitter,na,Perception,5,87,mostly clear,2,NW,10:24:00,10:34:21,621,13,yes,,no,grass,no,,no ,,Sod,vegetative wild bergamot,4668650.733,613168.523,"3 cmw, 3 purple blazing star","4,668,650.89","613,173.71",84.93985225,282.7665937,3.584034039,9.961676452
2017,17179,b,17179b,BGE,7/29/2017,0.4,7/30/2017,1,BGE,y,transmitter,na,Perception,5,87,clear,2,NNW,10:39:00,10:49:43,643,5,yes,,no,grass,no,,no ,,Sod,vegetative wild bergamot,4668650.733,613168.523,"3 cmw, 3 purple blazing star","4,668,650.89","613,173.71",21.30019953,244.529716,1.500833101,6.888258278
2017,17181,a,17181a,BGE,7/29/2017,0.36,7/30/2017,1,BGE,y,transmitter,na,Perception,5,90,clear,1,NNW,10:11:00,10:12:37,97,3,yes,,no ,grass,no,,no ,,Sod,vegetative wild bergamot,4668650.733,613168.523,"3 cmw, 3 purple blazing star","4,668,650.89","613,173.71",24.82248376,111.4070706,2.325725693,30.20323776
2017,17182,a,17182a,BGE,7/29/2017,0.59,7/30/2017,1,BGE,y,transmitter,na,Perception,5,85,clear,3,NW,9:34:00,9:46:00,720,1,no,12,no,,no,,no ,,Sod,vegetative wild bergamot,4668650.733,613168.523,"3 cmw, 3 purple blazing star","4,668,650.89","613,173.71",,,,
2017,17184,a,17184a,BGE,7/30/2017,0.55,7/31/2017,1,BeefFarm,n,transmitter,na,Perception,5,89,mostly clear,4.5,NE,12:41:00,12:53:30,750,2,yes,,no,tree,no,,yes,tree,Pasture,vegetative wild bergamot,4649087.151,445305.213,"2 cmw, 3 purple blazing star","4,649,084.34","445,301.67",156.8545677,65.49860677,156.8545677,65.49860677
2017,17186,a,17186a,BGE,7/30/2017,0.46,8/2/2017,3,BeefFarm,n,battery,na,Perception,5,82,mostly clear,3.5,SSW,10:39:00,10:39:19,19,2,yes,,no,red clover,yes,red clover,no,,Pasture,vegetative wild bergamot,4649065.09,445323.624,"3 cmw, 2 purple blazing star","4,649,069.06","445,323.11",35.1572937,273.7999821,35.1572937,273.7999821
2017,17186,b,17186b,BGE,7/30/2017,0.46,8/2/2017,3,BeefFarm,n,battery,na,Perception,5,82,mostly clear,3.5,SSW,10:41:00,10:41:30,30,3,yes,,no,red clover,yes,red clover,no,,Pasture,vegetative wild bergamot,4649065.09,445323.624,"3 cmw, 2 purple blazing star","4,649,069.06","445,323.11",53.89849812,238.5895835,40.84018854,255.1164792
2017,17186,c,17186c,BGE,7/30/2017,0.46,8/2/2017,3,BeefFarm,n,battery,na,Perception,5,82,mostly clear,3.5,SSW,10:44:00,10:49:00,300,2,yes,,no,,no,,yes,lost,Pasture,vegetative wild bergamot,4649065.09,445323.624,"3 cmw, 2 purple blazing star","4,649,069.06","445,323.11",97.15113381,202.4628981,97.15113381,202.4628981
2017,17196,a,17196a,BeefFarm,7/31/2017,0.43,8/2/2017,2,BeefFarm,y,battery,na,Perception,5,80,mostly clear,2.5,S,10:22:00,10:36:00,600,1,no,10,no,,no,,no,,Pasture,vegetative wild bergamot,4649065.09,445323.624,"3 cmw, 2 purple blazing star","4,649,069.06","445,323.11",,,,
2017,17202,a,17202a,MacFarland,7/31/2017,0.45,8/2/2017,2,BeefFarm,n,battery,na,Perception,5,75,mostly clear,3,SSE,9:28:00,9:28:10,10,2,yes,,yes,resources: blazing star,no,,no,,Pasture,vegetative wild bergamot,4649065.09,445323.624,"3 cmw, 2 purple blazing star","4,649,069.06","445,323.11",3.510512783,359.0206803,3.510512783,359.0206803
2017,17202,b,17202b,MacFarland,7/31/2017,0.45,8/2/2017,2,BeefFarm,n,battery,na,Perception,5,75,mostly clear,3,SSE,9:30:00,9:30:45,45,2,yes,,no,vegetative thistle,no,,no,,Pasture,vegetative wild bergamot,4649065.09,445323.624,"3 cmw, 2 purple blazing star","4,649,069.06","445,323.11",25.83665032,69.94489723,25.83665032,69.94489723
2017,17202,c,17202c,MacFarland,7/31/2017,0.45,8/2/2017,2,BeefFarm,n,battery,na,Perception,5,75,mostly clear,3,SSE,9:40:00,9:40:10,10,2,yes,,yes,resources: blazing star,no,,no,,Pasture,vegetative wild bergamot,4649065.09,445323.624,"3 cmw, 2 purple blazing star","4,649,069.06","445,323.11",3.84443754,346.6144062,3.84443754,346.6144062
2017,17202,d,17202d,MacFarland,7/31/2017,0.45,8/2/2017,2,BeefFarm,n,battery,na,Perception,5,75,mostly clear,3,SSE,9:43:00,9:43:06,6,2,yes,,no,vegetative thistle,no,,no,,Pasture,vegetative wild bergamot,4649065.09,445323.624,"3 cmw, 2 purple blazing star","4,649,069.06","445,323.11",3.54189215,342.076607,3.54189215,342.076607
2017,17202,e,17202e,MacFarland,7/31/2017,0.45,8/2/2017,2,BeefFarm,n,battery,na,Perception,25,75,mostly clear,3,SSE,9:46:00,9:46:15,15,2,yes,,no,vegetative stage common milkweed,yes,vegetative stage common milkweed,no,,Pasture,vegetative wild bergamot,4649048.835,445323.703,"3 cmw, 2 purple blazing star","4,649,069.06","445,323.11",14.25768915,68.22097751,14.25768915,68.22097751
2017,17202,f,17202f,MacFarland,7/31/2017,0.45,8/2/2017,2,BeefFarm,n,battery,na,Perception,25,75,mostly clear,3,SSE,9:48:00,9:48:15,15,2,yes,,no,red clover,yes,red clover,no,,Pasture,vegetative wild bergamot,4649048.835,445323.703,"3 cmw, 2 purple blazing star","4,649,069.06","445,323.11",20.86547387,126.1888833,20.86547387,126.1888833
2017,17204,a,17204a,MacFarland,7/31/2017,,8/2/2017,2,BeefFarm,n,battery,na,Perception,5,80,mosltly clear,2.5,S,9:55:00,9:55:50,54,2,yes,,no,grass,no,,yes,grass,Pasture,vegetative wild bergamot,4649065.09,445323.624,"3 cmw, 2 purple blazing star","4,649,069.06","445,323.11",1.583192976,170.1806994,1.583192976,170.1806994
2017,17204,b,17204b,MacFarland,7/31/2017,,8/2/2017,2,BeefFarm,n,battery,na,Perception,5,80,mosltly clear,2.5,S,9:58:00,9:59:45,92,3,yes,,no,,no,,yes,lost,Pasture,vegetative wild bergamot,4649065.09,445323.624,"3 cmw, 2 purple blazing star","4,649,069.06","445,323.11",379.0010187,184.1443178,162.7084967,182.5291693
2017,17205,a,17205a,MacFarland,7/31/2017,,8/5/2017,5,BGE,n,transmitter,na,Perception,5,78,mostly cloudy,7.5,NE,1:18:00,1:23:00,300,1,no,5,no,,no,,no ,,Sod,vegetative wild bergamot,4668591.425,613089.56,"2 cmw, 2 purple blazing star","4,668,589.35","613,085.37",,,,
2017,17212,a,17212a,AdaHayden,8/4/2017,,8/5/2017,1,BGE,n,transmitter,na,Perception,5,76,mostly cloudy,5.5,NE,12:14:00,12:14:12,12,2,yes,,no,grass,no,,no ,,Sod,vegetative wild bergamot,4668591.425,613089.56,"2 cmw, 2 purple blazing star","4,668,589.35","613,085.37",22.1215212,47.69320816,22.1215212,47.69320816
2017,17213,a,17213a,AdaHayden,8/4/2017,,8/5/2017,1,BGE,n,transmitter,na,Perception,5,70,mostly cloudy,5,NE,9:51:00,10:13:49,1369,3,yes,,no,corn,no ,,yes,corn,Sod,vegetative wild bergamot,4668620.348,613143.937,"2 cmw, 2 purple blazing star","4,668,619.17","613,139.54",337.0902617,36.94128575,318.8510036,36.72614188
2017,17214,a,17214a,AdaHayden,8/4/2017,,8/5/2017,1,BGE,n,transmitter,na,Perception,5,78,mostly cloudy,5.5,NE,1:44:00,1:48:24,264,3,yes,,no,grass,no,,yes,weedy edge,Sod,vegetative wild bergamot,4668591.425,613089.56,"2 cmw, 2 purple blazing star","4,668,589.35","613,085.37",308.7497675,7.148264087,1.961249602,2.045408487
2017,17215,a,17215a,AdaHayden,8/4/2017,,8/5/2017,1,BGE,n,transmitter,na,Perception,5,77,mostly cloudy,6,NE,12:29:00,12:31:36,156,2,yes,,no,,no,,no ,,Sod,vegetative wild bergamot,4668591.425,613089.56,"2 cmw, 2 purple blazing star","4,668,589.35","613,085.37",98.4174197,17.19218534,98.4174197,17.19218534
2017,17216,a,17216a,AdaHayden,8/4/2017,,8/5/2017,1,BGE,n,transmitter,na,Perception,5,74,mostly cloudy,6,NNE,12:53:00,13:03:00,600,1,no,10,no,,no,,no ,,Sod,vegetative wild bergamot,4668591.425,613089.56,"2 cmw, 2 purple blazing star","4,668,589.35","613,085.37",,,,
2017,17218,a,17218a,AdaHayden,8/4/2017,,8/5/2017,1,BGE,n,transmitter,na,Perception,5,77,mostly cloudy,3,NE,11:00:00,11:00:21,21,2,yes,,no,,no,,no ,,Sod,vegetative wild bergamot,4668591.425,613089.56,"2 cmw, 2 purple blazing star","4,668,589.35","613,085.37",35.12371564,64.30311079,35.12371564,64.30311079
2017,17219,a,17219a,AdaHayden,8/4/2017,,8/5/2017,1,BGE,n,transmitter,na,Perception,5,75,mostly cloudy,4,NE,11:49:00,11:59:00,600,1,no,10,no,,no,,no ,,Sod,vegetative wild bergamot,4668591.425,613089.56,"2 cmw, 2 purple blazing star","4,668,589.35","613,085.37",,,,
2017,17230,a,17230a,BGE,8/5/2017,,8/5/2017,0,BGE,y,battery,na,Perception,5,76,mostly cloudy,6,NNE,2:09:00,2:10:37,97,3,yes,,no,grass,no,,yes,lost,Sod,vegetative wild bergamot,4668591.425,613089.56,"2 cmw, 2 purple blazing star","4,668,589.35","613,085.37",320.8238972,17.20369996,20.21112812,13.03923801
2017,17234,a,17234a,IowaStateUniversity,8/9/2017,,8/12/2017,3,BGE,n,transmitter,na,Perception,5,77,mostly clear,3.5,SSW,1:22:00,1:34:00,720,1,no,12,no,,no,,no ,,Sod,vegetative wild bergamot,4668702.366,613141.14,"3 cmw, 2 purple blazing star","4,668,704.67","613,145.08",,,,
2017,17235,a,17235a,IowaStateUniversity,8/9/2017,,8/12/2017,3,BGE,n,transmitter,na,Perception,5,78,mostly clear,3.5,S,1:45:00,1:51:04,364,9,yes,,no,grass,no,,no ,,Sod,vegetative wild bergamot,4668702.366,613141.14,"3 cmw, 2 purple blazing star","4,668,704.67","613,145.08",26.54611836,150.4799959,1.814001102,126.9330683
2017,17237,a,17237a,AdaHayden,8/10/2017,,8/12/2017,2,BGE,n,transmitter,na,Perception,5,75,mostly clear,5.5,SSW,2:24:00,2:34:23,623,2,yes,,no,grass,no,,no ,,Sod,vegetative wild bergamot,4668702.366,613141.14,"3 cmw, 2 purple blazing star","4,668,704.67","613,145.08",1.557562198,167.3913932,1.557562198,167.3913932
2017,17244,a,17244a,Jesse,8/10/2017,,8/13/2017,3,BGE,n,transmitter,na,Perception,5,76,mostly cloudy,4.5,NNW,10:24:00,10:26:36,156,2,yes,,no,grass,no,,no ,,Sod,vegetative wild bergamot,4668690.674,613158.255,"3 cmw, 2 purple blazing star","4,668,687.39","613,162.37",6.626507375,323.8391295,6.626507375,323.8391295
2017,17246,a,17246a,Jesse,8/10/2017,,8/12/2017,2,BGE,n,transmitter,na,Perception,5,77,mostly clear,4,SSW,1:03:00,1:09:04,364,2,yes,,no,grass,no,,no ,,Sod,vegetative wild bergamot,4668702.366,613141.14,"3 cmw, 2 purple blazing star","4,668,704.67","613,145.08",19.3578537,183.5837195,19.3578537,183.5837195
2017,17247,a,17247a,Jesse,8/10/2017,,8/12/2017,2,BGE,n,transmitter,na,Perception,5,75,mostly clear,5,S,2:07:00,2:07:36,36,2,yes,,no,,no,,no ,,Sod,vegetative wild bergamot,4668702.366,613141.14,"3 cmw, 2 purple blazing star","4,668,704.67","613,145.08",97.06858246,182.7103078,97.06858246,182.7103078
2017,17248,a,17248a,Jesse,8/10/2017,,8/13/2017,3,BGE,n,transmitter,na,Perception,5,76,mostly cloudy,6.25,NW,10:50:00,11:00:00,600,1,no,10,no,,no,,no ,,Sod,vegetative wild bergamot,4668690.674,613158.255,"3 cmw, 2 purple blazing star","4,668,687.39","613,162.37",,,,
2017,17251,a,17251a,Jesse,8/10/2017,,8/12/2017,2,BGE,n,battery,na,Perception,5,75,mostly clear,3.5,SSW,12:50:00,12:51:04,64,2,yes,,no,grass,no,,no ,,Sod,vegetative wild bergamot,4668702.366,613141.14,"3 cmw, 2 purple blazing star","4,668,704.67","613,145.08",10.94143044,182.6192069,10.94143044,182.6192069
2017,17253,a,17253a,BGE,8/12/2017,,8/13/2017,1,BGE,y,transmitter,na,Perception,5,72,mostly cloudy,6,NW,11:21:00,11:22:46,106,2,yes,,no,,no,,yes,lost,Sod,vegetative wild bergamot,4668690.674,613158.255,"3 cmw, 2 purple blazing star","4,668,687.39","613,162.37",222.9222941,335.0144715,222.9222941,335.0144715
2017,17254,a,17254a,BGE,8/12/2017,,8/13/2017,1,BGE,y,transmitter,na,Perception,5,74,mostly coudy,4,NW,10:13:00,10:13:29,29,2,yes,,no,grass,no,,no ,,Sod,vegetative wild bergamot,4668690.674,613158.255,"3 cmw, 2 purple blazing star","4,668,687.39","613,162.37",19.45043444,312.4579701,19.45043444,312.4579701
2017,17261,a,17261a,BGE,8/12/2017,,8/13/2017,1,BGE,y,transmitter,na,Perception,5,76,mostly cloudy,5,NNW,10:35:00,10:39:01,241,6,yes,,no,grass,no,,no ,,Sod,vegetative wild bergamot,4668690.674,613158.255,"3 cmw, 2 purple blazing star","4,668,687.39","613,162.37",22.1673837,319.079106,2.240089284,269.4884441
2017,17262,a,17262a,BGE,8/12/2017,,8/13/2017,1,BGE,y,transmitter,na,Perception,5,68,cloudy,4.5,NNW,9:53:00,10:03:16,616,2,yes,,no,grass,no,,no ,,Sod,vegetative wild bergamot,4668690.674,613158.255,"3 cmw, 2 purple blazing star","4,668,687.39","613,162.37",1.19540788,235.9111284,1.19540788,235.9111284
2017,17283,a,17283a,AdaHayden,8/24/2017,,8/26/2017,2,BGE,n,battery,na,Perception,5,69,mostly cloudy,9.5,NW,1:42:00,1:44:11,131,2,yes,,no,,no,,yes,lost,Sod,vegetative wild bergamot,4668668.56,613167.033,"2 cmw, 2 purple blazing star","4,668,665.13","613,170.17",608.466821,291.5816118,608.466821,291.5816118
2017,17284,a,17284a,AdaHayden,8/24/2017,,8/26/2017,2,BGE,n,battery,na,Perception,5,69,mostly cloudy,9.5,NW,2:12:00,2:21:53,593,2,yes,,no,grass,no,,no ,,Sod,vegetative wild bergamot,4668668.56,613167.033,"2 cmw, 2 purple blazing star","4,668,665.13","613,170.17",1.128937553,198.5954408,1.128937553,198.5954408
2017,17285,a,17285a,AdaHayden,8/24/2017,,8/26/2017,2,BGE,n,battery,na,Perception,5,69,mostly cloudy,9.5,NW,2:29:00,2:39:00,600,1,no,10,no,,no,,no ,,Sod,vegetative wild bergamot,4668668.56,613167.033,"2 cmw, 2 purple blazing star","4,668,665.13","613,170.17",,,,
2017,17291,a,17291a,BGE,8/25/2017,,8/26/2017,1,BGE,y,battery,na,Perception,5,69,mostly cloudy,9.5,NW,2:04:00,2:04:44,44,2,yes,,no,grass,no,,no ,,Sod,vegetative wild bergamot,4668668.56,613167.033,"2 cmw, 2 purple blazing star","4,668,665.13","613,170.17",17.43126215,279.3434403,17.43126215,279.3434403
2018,18037,a,18037a,Jesse,6/22/2018,0.4,6/27/2018,5,Stensland,n,transmitter,7,Perception,5,77.5,mostly cloudy,5.8,S,11:10:00,11:46:00,2160,1,no,36,no,,no,,no,,Sod,vegetative blazing star,4622511.176,434075.683,"1 cmw, 1 purple blazing star, 1 white blazing star",4622515.948,434075.994,,,,
2018,18040,a,18040a,AdaHayden,6/22/2018,0.4,6/27/2018,5,Stensland,n,transmitter,7,Perception,5,84.7,mostly cloudy,0.8,SW,11:58:00,12:20:09,1329,4,yes,,no,grass,no,,no,,Sod,vegetative blazing star,4622511.176,434075.683,"1 cmw, 1 purple blazing star, 1 white blazing star",4622515.948,434075.994,8.394438635,282.0327848,5.580322571,180.6160599
2018,18075,a,18075a,Jesse,6/25/2018,0.33,6/30/2018,5,BGE,n,transmitter,7,Perception,5,85.5,clear,7,NE,9:29:00,9:37:44,524,3,yes,,no,grass,no,,no,,Sod,vegetative blazing star,4667950.839,612175.275,"2 cmw, 1 purple blazing star, 1 white blazing star","4,667,947.68","612,171.53",93.87735883,48.80488849,38.48424743,42.94670093
2018,18078,a,18078a,RedFeatherPrairie,6/26/2018,0.46,6/27/2018,1,Stensland,n,transmitter,7,Perception,5,78.6,mostly cloudy,1.1,S,12:34:00,12:38:09,249,4,yes,,no,grass,no,,yes,grass berm,Sod,vegetative blazing star,4622511.176,434075.683,"1 cmw, 1 purple blazing star, 1 white blazing star",4622515.948,434075.994,19.63330079,322.4705529,2.318986848,319.3719066
2018,18081,a,18081a,KelseyHouse,6/27/2018,0.37,6/27/2018,0,Stensland,n,transmitter,7,Perception,5,85.6,mostly clear,1.5,SW,12:49:00,13:07:11,1091,10,yes,,no,grass,no,,yes,grass berm,Sod,vegetative blazing star,4622511.176,434075.683,"1 cmw, 1 purple blazing star, 1 white blazing star",4622515.948,434075.994,28.89920587,232.6066867,0.834086327,322.3057595
2018,18082,a,18082a,RedFeatherPrairie,6/27/2018,0.42,6/28/2018,1,Stensland,n,transmitter,7,Perception,5,79.9,mosltly cloudy,8,NW,10:02:00,10:10:25,505,7,yes,,no,grass,no,,yes,grass berm,Sod,vegetative blazing star,4622484.497,434078.987,"1 cmw, 1 purple blazing star, 1 white blazing star","4,622,489.55","434,078.99",56.63386001,310.9261059,4.924763954,302.1410381
2018,18084,a,18084a,Stensland,6/27/2018,0.39,6/28/2018,1,Stensland,y,transmitter,7,Perception,5,82,mostly clear,7,NW,10:28:00,10:38:08,608,3,yes,,no,grass,no,,no,,Sod,vegetative blazing star,4622484.497,434078.987,"1 cmw, 1 purple blazing star, 1 white blazing star","4,622,489.55","434,078.99",57.57958406,311.641803,4.3063906,285.4885014
2018,18085,a,18085a,Jesse,6/27/2018,0.53,6/28/2018,1,Stensland,n,transmitter,7,Perception,5,82.8,mostly cloudy,8.5,NW,10:58:00,11:17:11,1151,4,yes,,no,grass,no,,yes,grass berm,Sod,vegetative blazing star,4622484.497,434078.987,"1 cmw, 1 purple blazing star, 1 white blazing star","4,622,489.55","434,078.99",34.22114113,310.8646173,3.840026042,342.8863011
2018,18086,a,18086a,Jesse,6/28/2018,0.43,6/30/2018,2,BGE,n,transmitter,7,Perception,5,86,clear,7,NE,9:57:00,10:16:45,1185,9,yes,,no,grass,no,,no,,Sod,vegetative blazing star,4667950.839,612175.275,"2 cmw, 1 purple blazing star, 1 white blazing star","4,667,947.68","612,171.53",64.82861251,23.19162757,2.455768719,229.9554489
2018,18087,a,18087a,Jesse,6/28/2018,0.4,6/30/2018,2,BGE,n,transmitter,7,Perception,5,86.3,mostly clear,7,NE,10:38:00,10:53:00,900,1,no,15,no,,no,,no,,Sod,vegetative blazing star,4667950.839,612175.275,"2 cmw, 1 purple blazing star, 1 white blazing star","4,667,947.68","612,171.53",,,,
2018,18087,b,18087b,Jesse,6/28/2018,0.4,6/30/2018,2,BGE,n,transmitter,na,Perception,5,87,clear,3.5,N,9:43:00,9:54:29,689,11,yes,,no,grass,no,,no,,Sod,vegetative blazing star,4622514.661,434082.993,"2 cmw, 1 purple blazing star, 1 white blazing star","4,622,509.61","434,082.29",23.70237119,225.2051153,,
2018,18090,a,18090a,BGE,6/30/2018,0.45,7/1/2018,1,BGE,y,transmitter,7,Perception,5,71.2,mostly clear,6.25,NW,7:14:00,7:29:00,900,1,no,15,no,,no,,no,,Sod,vegetative blazing star,4667951.14,612175.438,"2 cmw, 1 purple blazing star, 1 white blazing star","4,667,948.22","612,179.55",,,,
2018,18090,b,18090b,BGE,6/30/2018,0.45,7/2/2018,2,Stensland,n,none,na,Perception,5,82.5,clear,4.5,N,10:05:00,10:20:00,900,1,no,15,no,,no,,no,,Sod,vegetative blazing star,4622514.661,434082.993,"2 cmw, 1 purple blazing star, 1 white blazing star","4,622,509.61","434,082.29",,,,
2018,18091,a,18091a,BGE,6/30/2018,0.26,7/1/2018,1,BGE,y,transmitter,7,Perception,5,75,mostly cloudy,5,NW,7:51:00,8:09:29,1109,7,yes,,no,grass,no,,no,,Sod,vegetative blazing star,4667951.14,612175.438,"2 cmw, 1 purple blazing star, 1 white blazing star","4,667,948.22","612,179.55",83.8344428,330.0372586,3.099193444,324.720216
2018,18091,b,18091b,BGE,6/30/2018,0.26,7/2/2018,2,Stensland,n,none,na,Perception,50,80.9,clear,5.8,N,11:32:00,11:47:00,900,1,no,15,no,,no,,no,,Sod,vegetative blazing star,4622514.661,434082.993,"2 cmw, 1 purple blazing star, 1 white blazing star","4,622,464.56","434,076.88",,,,
2018,18093,a,18093a,BGE,6/30/2018,0.3,7/1/2018,1,BGE,y,transmitter,7,Perception,5,74,mostly cloudy,9.75,NW,8:26:00,8:51:00,1500,1,no,25,no,,no,,no,,Sod,vegetative blazing star,4667951.14,612175.438,"2 cmw, 1 purple blazing star, 1 white blazing star","4,667,948.22","612,179.55",,,,
2018,18093,b,18093b,BGE,6/30/2018,0.3,7/2/2018,2,Stensland,n,none,na,Perception,50,86,clear,7,N,12:50:00,13:05:00,900,1,no,15,no,,no,,no,,Sod,vegetative blazing star,4622514.661,434082.993,"2 cmw, 1 purple blazing star, 1 white blazing star","4,622,464.56","434,076.88",,,,
2018,18094,a,18094a,BGE,6/30/2018,,7/2/2018,2,Stensland,n,none,na,Perception,75,82,clear,6.5,N,12:06:00,12:12:14,374,5,yes,,no,,no,,yes,lost,Sod,vegetative blazing star,4622514.661,434082.993,"2 cmw, 1 purple blazing star, 1 white blazing star","4,622,440.02","434,073.13",182.2882961,43.7174895,28.19217267,327.3978747
2018,18095,a,18095a,AdaHayden,7/1/2018,0.38,7/2/2018,1,Stensland,n,none,na,Perception,25,80.7,clear,4,N,11:07:00,11:23:02,962,1,yes,,no,,no,,yes,grass berm,Sod,vegetative blazing star,4622514.661,434082.993,"2 cmw, 1 purple blazing star, 1 white blazing star","4,622,490.06","434,079.72",20.1926967,72.80339491,6.517430475,50.79100387
2018,18096,a,18096a,AdaHayden,7/1/2018,,7/2/2018,1,Stensland,n,none,na,Perception,5,82,clear,7,N,10:27:00,10:33:08,368,9,yes,,no,grass,no,,yes,lost,Sod,vegetative blazing star,4622514.661,434082.993,"2 cmw, 1 purple blazing star, 1 white blazing star","4,622,509.61","434,082.29",203.606509,222.5975713,9.677355011,136.674838
2018,18097,a,18097a,AdaHayden,7/1/2018,0.46,7/2/2018,1,Stensland,n,none,na,Perception,75,83,clear,4.2,N,12:25:00,12:40:04,904,5,yes,,no,,no,,no,,Sod,vegetative blazing star,4622514.661,434082.993,"2 cmw, 1 purple blazing star, 1 white blazing star","4,622,440.02","434,073.13",63.15391516,353.8461581,22.61579315,4.69210879
2018,18098,a,18098a,AdaHayden,7/1/2018,0.23,7/2/2018,1,Stensland,n,none,na,Perception,25,82,clear,5.5,NNE,13:10:00,13:16:56,416,11,yes,,no,,no,,no,,Sod,vegetative blazing star,4622514.661,434082.993,"2 cmw, 1 purple blazing star, 1 white blazing star","4,622,490.06","434,079.72",151.9068257,5.568352296,3.825454222,112.274228
2018,18099,a,18099a,AdaHayden,7/1/2018,0.43,7/2/2018,1,Stensland,n,none,na,Perception,50,83.4,clear,4.5,N,11:51:00,11:53:05,125,6,yes,,no,,no,,no,,Sod,vegetative blazing star,4622514.661,434082.993,"2 cmw, 1 purple blazing star, 1 white blazing star","4,622,464.56","434,076.88",157.2526655,271.7418847,25.492595,322.0422247
2018,18100,a,18100a,AdaHayden,7/5/2018,0.23,7/7/2018,2,BGE,n,transmitter,7,Perception,5,72,clear,7.5,NW,10:57:00,11:12:00,900,1,no,15,no,,no,,no,,Sod,vegetative blazing star,4667945.268,612170.257,"2 cmw, 2 purple blazing star",4667941.353,612173.333,,,,
2018,18105,a,18105a,BGE,7/6/2018,0.29,7/7/2018,1,BGE,y,transmitter,7,Perception,5,74,clear,4,NW,11:26:00,11:51:00,1500,1,no,25,no,,no,,no,,Sod,vegetative blazing star,4667945.268,612170.257,"2 cmw, 2 purple blazing star",4667941.353,612173.333,,,,
2018,18105,b,18105b,BGE,7/6/2018,0.29,7/8/2018,2,BGE,y,transmitter,7,Perception,5,76,clear,8,NNE,10:31:00,10:46:10,910,6,yes,,no,grass,no,,no,,Sod,vegetative blazing star,4667945.319,612176.17,"2 cmw, 2 purple blazing star","4,667,940.32","612,176.38",47.76201524,30.15109035,8.544249528,24.25526343
2018,18106,a,18106a,BGE,7/6/2018,0.32,7/7/2018,1,BGE,y,transmitter,7,Perception,5,74,clear,5,NW,10:27:00,10:42:00,900,1,no,15,no,,no,,no,,Sod,vegetative blazing star,4667945.268,612170.257,"2 cmw, 2 purple blazing star",4667941.353,612173.333,,,,
2018,18106,b,18106b,BGE,7/6/2018,0.32,7/8/2018,2,BGE,y,transmitter,7,Perception,5,78,clear,3.5,N,11:40:00,11:45:55,355,9,yes,,no,grass,no,,no,,Sod,vegetative blazing star,4667945.319,612176.17,"2 cmw, 2 purple blazing star","4,667,940.32","612,176.38",73.42815604,320.35428,0.290688837,356.0548138
2018,18111,a,18111a,BGE,7/6/2018,0.27,7/7/2018,1,BGE,y,none,na,Perception,5,77,clear,4,NW,12:02:00,12:02:09,9,2,yes,,no,grass,no,,no,,Sod,vegetative blazing star,4667945.268,612170.257,"2 cmw, 2 purple blazing star",4667941.353,612173.333,51.64096436,346.1521226,51.64096436,346.1521226
2018,18111,b,18111b,BGE,7/6/2018,0.27,7/7/2018,1,BGE,y,none,na,Perception,5,77,clear,4,NW,12:11:00,12:12:34,94,2,yes,,no,,no,,no,,Sod,vegetative blazing star,4667945.268,612170.257,"2 cmw, 2 purple blazing star",4667941.353,612173.333,12.33322748,306.0615288,12.33322748,306.0615288
2018,18111,c,18111c,BGE,7/6/2018,0.27,7/7/2018,1,BGE,y,none,na,Perception,5,77,clear,4,NW,12:17:00,12:20:04,184,2,yes,,no,,no,,no,,Sod,vegetative blazing star,4667945.268,612170.257,"2 cmw, 2 purple blazing star",4667941.353,612173.333,36.85394144,356.62441,36.85394144,356.62441
2018,18113,a,18113a,BGE,7/6/2018,0.37,7/8/2018,2,BGE,y,battery,na,Perception,5,80,clear,2,NW,9:46:00,9:51:52,352,3,yes,,no,,no,,no,,Sod,vegetative blazing star,4667945.319,612176.17,"2 cmw, 2 purple blazing star","4,667,940.32","612,176.38",45.66741179,4.445856029,36.8632839,339.4166676
2018,18113,b,18113b,BGE,7/6/2018,0.37,7/8/2018,2,BGE,y,battery,na,Perception,5,80,clear,2,NW,9:54:00,10:04:42,642,3,yes,,no,,no,,no,,Sod,vegetative blazing star,4667945.319,612176.17,"2 cmw, 2 purple blazing star","4,667,940.32","612,176.38",49.4861324,84.64309424,52.22252866,81.28803769
2018,18118,a,18118a,BGE,7/6/2018,0.26,7/7/2018,1,BGE,y,none,na,Perception,5,75.5,clear,6,NW,12:27:00,12:28:44,104,2,yes,,no,,no,,no,,Sod,vegetative blazing star,4667945.268,612170.257,"2 cmw, 2 purple blazing star",4667941.353,612173.333,81.38453969,280.8860589,81.38453969,280.8860589
2018,18119,a,18119a,BGE,7/6/2018,0.39,7/8/2018,2,BGE,y,battery,na,Perception,5,76.5,clear,5,NE,10:11:00,10:21:00,600,1,no,10,no,,no,,no,,Sod,vegetative blazing star,4667945.319,612176.17,"2 cmw, 2 purple blazing star","4,667,940.32","612,176.38",,,,
2018,18121,a,18121a,BGE,7/7/2018,0.25,7/8/2018,1,BGE,y,transmitter,7,Perception,5,77,clear,6,N,11:03:00,11:22:53,1193,2,yes,,no,grass,no,,no,,Sod,vegetative blazing star,4667945.319,612176.17,"2 cmw, 2 purple blazing star","4,667,940.32","612,176.38",1.171708155,296.346366,1.171708155,296.346366
2018,18122,a,18122a,BGE,7/7/2018,0.13,7/8/2018,1,BGE,y,transmitter,7,Perception,5,79,clear,5.5,NNW,12:03:00,12:18:16,916,3,yes,,no,grass,no,,no,,Sod,vegetative blazing star,4667945.319,612176.17,"2 cmw, 2 purple blazing star","4,667,940.32","612,176.38",2.085976989,13.30343044,0.55,270
2018,18123,a,18123a,BGE,7/8/2018,,7/8/2018,0,BGE,y,transmitter,7,Perception,5,80,clear,4.5,N,12:30:00,12:40:02,602,3,yes,,no,,no,,yes,lost,Sod,vegetative blazing star,4667945.319,612176.17,"2 cmw, 2 purple blazing star","4,667,940.32","612,176.38",199.2177866,334.7341252,150.5551547,332.7864992
2018,18124,a,18124a,Jesse,7/15/2018,0.54,7/17/2018,2,Stensland,n,transmitter,47,Perception,5,83,cloudy,0,na,10:00:00,10:15:00,900,1,no,15,no,,no,,no,,Sod,vegetative blazing star,4622500.413,434078.607,"2 cmw, 2 purple blazing star","4,622,495.56","434,078.18",,,,
2018,18125,a,18125a,AdaHayden,7/16/2018,0.36,7/18/2018,2,Stensland,n,transmitter,46,Perception,25,85,clear,2,NNW,10:37:00,10:40:10,190,5,yes,,no,grass,no,,no,,Sod,vegetative blazing star,4622502.952,434077.732,"2 cmw, 2 purple blazing star",4622477.389,434074.591,39.07765602,9.515351522,19.62816853,4.412138251
2018,18126,a,18126a,AdaHayden,7/16/2018,0.47,7/17/2018,1,Stensland,n,transmitter,46,Perception,5,82,mostly clear,4.2,NW,12:57:00,13:05:31,511,5,yes,,no,grass,no,,no,,Sod,vegetative blazing star,4622500.413,434078.607,"2 cmw, 2 purple blazing star","4,622,495.56","434,078.18",10.30248999,353.1991918,1.848053029,335.3764352
2018,18127,a,18127a,AdaHayden,7/16/2018,0.27,7/18/2018,2,Stensland,n,transmitter,46,Perception,25,85,clear,2,NNW,9:43:00,9:58:00,900,1,no,15,no,,no,,no,,Sod,vegetative blazing star,4622502.952,434077.732,"2 cmw, 2 purple blazing star",4622477.389,434074.591,,,,
2018,18128,a,18128a,AdaHayden,7/16/2018,0.52,7/17/2018,1,Stensland,n,transmitter,46,Perception,5,82,mostly clear,2.2,NW,12:41:00,12:44:09,189,3,yes,,no,grass,no,,no,,Sod,vegetative blazing star,4622500.413,434078.607,"2 cmw, 2 purple blazing star","4,622,495.56","434,078.18",31.91111562,147.5549721,3.203263961,224.6205633
2018,18129,a,18129a,AdaHayden,7/16/2018,0.41,7/18/2018,2,Stensland,n,transmitter,46,Perception,25,85,clear,0.5,NNW,10:49:00,10:52:14,194,3,yes,,no,grass,no,,yes,grass berm,Sod,vegetative blazing star,4622502.952,434077.732,"2 cmw, 2 purple blazing star",4622477.389,434074.591,93.53117234,20.14378027,2.488051446,274.6106493
2018,18131,a,18131a,AdaHayden,7/16/2018,,7/17/2018,1,Stensland,n,transmitter,47,Perception,5,76.5,cloudy,2.2,NW,10:27:00,11:12:05,2705,4,yes,,no,grass,no,,yes,lost,Sod,vegetative blazing star,4622500.413,434078.607,"2 cmw, 2 purple blazing star","4,622,495.56","434,078.18",297.2306754,333.7159857,15.19055628,143.6204427
2018,18133,a,18133a,AdaHayden,7/16/2018,0.37,7/17/2018,1,Stensland,n,transmitter,46,Perception,5,83.5,mostly clear,5.1,NW,13:48:00,13:49:47,107,3,yes,,no,grass,no,,no,,Sod,vegetative blazing star,4622500.413,434078.607,"2 cmw, 2 purple blazing star","4,622,495.56","434,078.18",36.67814745,163.9022563,2.267377339,301.6571663
2018,18134,a,18134a,AdaHayden,7/16/2018,0.34,7/21/2018,5,BGE,n,none,na,Perception,25,73.5,mostly cloudy,8,S,11:19:00,11:25:43,403,3,yes,,no,grass,no,,no,,Sod,vegetative blazing star,4667940.73,612196.735,"2 cmw, 2 purple blazing star",4667966.139,612196.635,164.4371725,200.4638794,18.30061474,157.8497621
2018,18135,a,18135a,AdaHayden,7/16/2018,0.35,7/21/2018,5,BGE,n,battery,na,Perception,25,76.5,mostly cloudy,4.2,SE,11:38:00,11:53:06,906,3,yes,,no,grass,no,,no,,Sod,vegetative blazing star,4667940.73,612196.735,"2 cmw, 2 purple blazing star",4667966.139,612196.635,6.724284349,182.0454085,0.609015599,150.4885015
2018,18137,a,18137a,AdaHayden,7/16/2018,0.29,7/18/2018,2,Stensland,n,transmitter,46,Perception,25,91,mostly clear,2,NNW,12:13:00,12:28:00,900,1,no,15,no,,no,,no,,Sod,vegetative blazing star,4622502.952,434077.732,"2 cmw, 2 purple blazing star",4622477.389,434074.591,,,,
2018,18138,a,18138a,AdaHayden,7/16/2018,0.29,7/18/2018,2,Stensland,n,transmitter,46,Perception,25,83,clear,6,NNE,11:01:00,11:18:19,1039,7,yes,,no,grass,no,,no,,Sod,vegetative blazing star,4622502.952,434077.732,"2 cmw, 2 purple blazing star",4622477.389,434074.591,14.23829344,282.6990316,1.053090689,300.217274
2018,18139,a,18139a,AdaHayden,7/16/2018,0.38,7/18/2018,2,Stensland,n,transmitter,46,Perception,25,89,mostly clear,1,NNE,11:28:00,11:43:04,904,2,yes,,no,grass,no,,no,,Sod,vegetative blazing star,4622502.952,434077.732,"2 cmw, 2 purple blazing star",4622477.389,434074.591,53.73394644,353.5137961,53.73394644,353.5137961
2018,18140,a,18140a,Jesse,7/16/2018,0.35,7/18/2018,2,Stensland,n,transmitter,46,Perception,25,82,clear,3,NNW,10:04:00,10:18:06,846,3,yes,,no,grass,no,,no,,Sod,vegetative blazing star,4622502.952,434077.732,"2 cmw, 2 purple blazing star",4622477.389,434074.591,3.358824199,44.63813673,1.150391237,1.494333593
2018,18141,a,18141a,Jesse,7/16/2018,0.53,7/18/2018,2,Stensland,n,transmitter,46,Perception,25,81,clear,3,NNW,10:27:00,10:29:07,127,3,yes,,no,grass,no,,no,,Sod,vegetative blazing star,4622502.952,434077.732,"2 cmw, 2 purple blazing star",4622477.389,434074.591,22.68049603,269.6210652,5.54205738,253.0036839
2018,18142,a,18142a,Jesse,7/16/2018,0.49,7/17/2018,1,Stensland,n,transmitter,46,Perception,5,85,mostly clear,3.1,NW,12:25:00,12:27:21,141,2,yes,,yes,resources: blazing star,no,,no,,Sod,vegetative blazing star,4622500.413,434078.607,"2 cmw, 2 purple blazing star","4,622,495.56","434,078.18",4.869024544,185.0665843,4.869024544,185.0665843
2018,18143,a,18143a,Jesse,7/16/2018,0.21,7/21/2018,5,BGE,n,none,na,Perception,25,78.2,mostly clear,7.6,SE,13:33:00,13:37:53,293,8,yes,,no,grass,no,,no,,Sod,vegetative blazing star,4667940.73,612196.735,"2 cmw, 2 purple blazing star",4667966.139,612196.635,105.133449,147.0778008,1.502664301,153.0939066
2018,18144,a,18144a,Jesse,7/16/2018,0.52,7/17/2018,1,Stensland,n,transmitter,46,Perception,5,85.2,mostly cear,1.3,NW,13:17:00,13:32:04,904,2,yes,,no,,no,,no,,Sod,vegetative blazing star,4622500.413,434078.607,"2 cmw, 2 purple blazing star","4,622,495.56","434,078.18",46.11876516,356.4445895,46.11876516,356.4445895
2018,18145,a,18145a,Stensland,7/18/2018,,7/21/2018,3,BGE,n,battery,na,Perception,25,74.3,mostly clear,6.2,SE,12:02:00,12:09:01,421,2,yes,,no,,no,,yes,lost,Sod,vegetative blazing star,4667940.73,612196.735,"2 cmw, 2 purple blazing star",4667966.139,612196.635,314.187565,143.8318477,314.187565,143.8318477
2018,18146,a,18146a,Stensland,7/18/2018,,7/21/2018,3,BGE,n,battery,na,Perception,25,79,mostly cloudy,6.4,SE,13:02:00,13:04:16,136,3,yes,,no,,no,,yes,lost,Sod,vegetative blazing star,4667940.73,612196.735,"2 cmw, 2 purple blazing star",4667966.139,612196.635,729.657408,154.1109687,279.1378772,156.54833
2018,18147,a,18147a,AdaHayden,7/20/2018,0.42,7/21/2018,1,BGE,n,battery,na,Perception,25,76.6,mostly clear,6.7,SE,14:13:00,14:17:51,291,3,yes,,no,grass,no,,no,,Sod,vegetative blazing star,4667940.73,612196.735,"2 cmw, 2 purple blazing star",4667966.139,612196.635,245.3608977,130.4726262,57.25490023,105.7694486
2018,18147,b,18147b,AdaHayden,7/20/2018,0.42,7/22/2018,2,BGE,n,battery,na,Perception,50,68.1,cloudy,5.5,SSE,9:36:00,9:51:00,900,1,no,15,no,,no,,no,,Sod,vegetative blazing star,4667941.866,612195.904,"2 cmw, 2 purple blazing star","4,667,992.04","612,195.59",,,,
2018,18148,a,18148a,AdaHayden,7/20/2018,,7/21/2018,1,BGE,n,battery,na,Perception,25,80,mostly clear,7,SSE,14:30:00,14:32:13,133,4,yes,,no,grass,no,,yes,lost,Sod,vegetative blazing star,4667940.73,612196.735,"2 cmw, 2 purple blazing star",4667966.139,612196.635,516.2285991,152.3106244,0.796052762,116.8869342
2018,18149,a,18149a,AdaHayden,7/20/2018,,7/21/2018,1,BGE,n,battery,na,Perception,25,78.2,mostly clear,5.3,SSE,14:56:00,14:58:00,120,3,yes,,no,,no,,yes,lost,Sod,vegetative blazing star,4667940.73,612196.735,"2 cmw, 2 purple blazing star",4667966.139,612196.635,749.0720709,152.4528199,287.0561318,152.4387251
2018,18152,a,18152a,AdaHayden,7/20/2018,0.39,7/22/2018,2,BGE,n,battery,na,Perception,50,67.8,cloudy,5.1,S,9:59:00,10:14:00,900,1,no,15,no,,no,,no,,Sod,vegetative blazing star,4667941.866,612195.904,"2 cmw, 2 purple blazing star","4,667,992.04","612,195.59",,,,
2018,18152,b,18152b,AdaHayden,7/20/2018,0.39,7/22/2018,2,BGE,n,battery,na,Perception,50,71.1,mostly cloudy,5.8,SSW,11:17:00,11:35:57,1137,3,yes,,no ,grass,no,,no,,Sod,vegetative blazing star,4667941.866,612195.904,"2 cmw, 2 purple blazing star","4,667,992.04","612,195.59",10.70848729,123.6900675,2.21054292,155.4058881
2018,18153,a,18153a,AdaHayden,7/20/2018,0.23,7/22/2018,2,BGE,n,battery,na,Perception,50,76.1,mostly cloudy,4.9,S,11:40:00,11:48:38,518,7,yes,,no ,grass,no,,no,,Sod,vegetative blazing star,4667941.866,612195.904,"2 cmw, 2 purple blazing star","4,667,992.04","612,195.59",165.2329295,198.8297078,2.21054292,160.9912929
2018,18154,a,18154a,AdaHayden,7/20/2018,0.37,7/22/2018,2,BGE,n,battery,na,Perception,50,76.5,mostly cloudy,6.9,S,12:08:00,12:23:00,900,1,no,15,no,,no,,no,,Sod,vegetative blazing star,4667941.866,612195.904,"2 cmw, 2 purple blazing star","4,667,992.04","612,195.59",,,,
2018,18159,a,18159a,BGE,7/21/2018,0.31,7/22/2018,1,BGE,y,battery,na,Perception,50,72.2,mostly cloudy,6,S,12:28:00,12:43:00,900,1,no,15,no,,no,,no,,Sod,vegetative blazing star,4667941.866,612195.904,"2 cmw, 2 purple blazing star","4,667,992.04","612,195.59",,,,
2018,18161,a,18161a,AdaHayden,7/23/2018,0.42,7/24/2018,1,Stensland,n,battery,na,Perception,5,82.1,clear,4.6,SSE,13:54:00,14:05:02,662,3,yes,,no,,no,,yes,berm,Sod,vegetative blazing star,4622527.192,434082.332,"2 cmw, 2 purple blazing star","4,622,532.16","434,082.81",140.4813646,108.3085537,21.40179432,106.5043614
2018,18162,a,18162a,AdaHayden,7/23/2018,,7/24/2018,1,Stensland,n,battery,na,Perception,5,83.1,clear,4.2,S,13:36:00,13:45:03,543,4,yes,,no,,no,,yes,lost,Sod,vegetative blazing star,4622527.192,434082.332,"2 cmw, 2 purple blazing star","4,622,532.16","434,082.81",185.3193776,158.3869023,50.71217803,163.2087709
2018,18163,a,18163a,AdaHayden,7/23/2018,0.49,7/24/2018,1,Stensland,n,battery,na,Perception,5,83.4,clear,6.8,SSE,13:16:00,13:31:00,900,1,no,15,no,,no,,no,,Sod,vegetative blazing star,4622527.192,434082.332,"2 cmw, 2 purple blazing star","4,622,532.16","434,082.81",,,,
2018,18164,a,18164a,AdaHayden,7/23/2018,0.49,7/24/2018,1,Stensland,n,battery,na,Perception,5,83.2,clear,4.4,SSE,12:59:00,13:01:13,133,5,yes,,no,grass,no,,yes,berm,Sod,vegetative blazing star,4622527.192,434082.332,"2 cmw, 2 purple blazing star","4,622,532.16","434,082.81",165.7753685,200.3982818,2.773481567,167.7176724
2018,18165,a,18165a,AdaHayden,7/23/2018,0.56,7/24/2018,1,Stensland,n,battery,na,Perception,5,82.5,clear,3.3,SSE,12:38:00,12:53:00,900,1,no,15,no,,no,,no,,Sod,vegetative blazing star,4622527.192,434082.332,"2 cmw, 2 purple blazing star","4,622,532.16","434,082.81",,,,
2018,18166,a,18166a,AdaHayden,7/23/2018,,7/24/2018,1,Stensland,n,battery,na,Perception,5,81.8,clear,6.3,SSE,12:15:00,12:22:03,423,3,yes,,no,,no,,yes,lost,Sod,vegetative blazing star,4622527.192,434082.332,"2 cmw, 2 purple blazing star","4,622,532.16","434,082.81",291.5033262,181.7967866,52.72382099,164.3531491
2018,18167,a,18167a,AdaHayden,7/23/2018,0.38,7/24/2018,1,Stensland,n,battery,na,Perception,5,79.8,clear,4.8,SSE,12:00:00,12:15:00,900,1,no,15,no,,no,,no,,Sod,vegetative blazing star,4622527.192,434082.332,"2 cmw, 2 purple blazing star","4,622,532.16","434,082.81",,,,
2018,18168,a,18168a,AdaHayden,7/23/2018,,7/24/2018,1,Stensland,n,battery,na,Perception,5,83,clear,8.3,SSE,11:49:00,11:54:02,302,3,yes,,no,,no,,yes,lost,Sod,vegetative blazing star,4622527.192,434082.332,"2 cmw, 2 purple blazing star","4,622,532.16","434,082.81",170.676378,173.6219951,25.32043049,133.7518537
2018,18169,a,18169a,AdaHayden,7/23/2018,0.46,7/24/2018,1,Stensland,n,battery,na,Perception,5,80.1,clear,6.2,SSE,11:27:00,11:30:02,182,4,yes,,no,soy,no,,yes,soy,Sod,vegetative blazing star,4622527.192,434082.332,"2 cmw, 2 purple blazing star","4,622,532.16","434,082.81",263.768435,185.3252091,169.759623,177.5151385
2018,18170,a,18170a,AdaHayden,7/23/2018,0.42,7/24/2018,1,Stensland,n,battery,na,Perception,5,79.6,clear,6.4,SE,11:12:00,11:15:05,185,5,yes,,no,grass,no,,yes,berm,Sod,vegetative blazing star,4622527.192,434082.332,"2 cmw, 2 purple blazing star","4,622,532.16","434,082.81",62.37892994,85.90914792,1.636245703,188.0805814
2018,18171,a,18171a,AdaHayden,7/23/2018,0.51,7/24/2018,1,Stensland,n,battery,na,Perception,5,77.1,clear,5.6,SSE,11:00:00,11:05:35,335,4,yes,,no,grass,no,,yes,berm,Sod,vegetative blazing star,4622527.192,434082.332,"2 cmw, 2 purple blazing star","4,622,532.16","434,082.81",145.7324799,145.2150822,28.16906992,141.3846637
2018,18172,a,18172a,AdaHayden,7/23/2018,0.43,7/24/2018,1,Stensland,n,battery,na,Perception,5,78.5,clear,5.1,SE,10:39:00,10:54:00,900,1,no,15,no,,no,,no,,Sod,vegetative blazing star,4622527.192,434082.332,"2 cmw, 2 purple blazing star","4,622,532.16","434,082.81",,,,
2018,18173,a,18173a,Stensland,7/24/2018,0.48,7/26/2018,2,Stensland,y,battery,na,Perception,25,72.1,mostly clear,5.2,SE,9:44:00,9:59:00,900,1,no,15,no,,no,,no,,Sod,vegetative blazing star,4622507.88,434018.719,"2 cmw, 2 purple blazing star","4,622,527.65","434,002.89",,,,
2018,18174,a,18174a,Stensland,7/24/2018,,7/26/2018,2,Stensland,y,battery,na,Perception,25,72.6,mostly clear,8.5,SE,10:05:00,10:17:36,756,5,yes,,no,grass,no,,yes,lost,Sod,vegetative blazing star,4622507.88,434018.719,"2 cmw, 2 purple blazing star","4,622,527.65","434,002.89",426.8618508,120.5017502,38.13377112,110.2359899
2018,18175,a,18175a,IowaStateUniversity,7/24/2018,,7/26/2018,2,Stensland,n,battery,na,Perception,25,75,mostly clear,9.8,SE,10:36:00,10:42:36,396,5,yes,,no,grass,no,,yes,lost,Sod,vegetative blazing star,4622507.88,434018.719,"2 cmw, 2 purple blazing star","4,622,527.65","434,002.89",248.3804131,113.8673966,27.37041651,118.690652
2018,18176,a,18176a,AdaHayden,7/25/2018,0.39,7/26/2018,1,Stensland,n,battery,na,Perception,25,73.9,mostly clear,13.6,SE,10:58:00,11:15:13,1033,5,yes,,no,grass,no,,yes,berm,Sod,vegetative blazing star,4622507.88,434018.719,"2 cmw, 2 purple blazing star","4,622,527.65","434,002.89",42.72243907,102.6830003,2.792167617,92.257804
2018,18177,a,18177a,AdaHayden,7/25/2018,,7/26/2018,1,Stensland,n,battery,na,Perception,25,77.6,mostly clear,11.1,SE,11:22:00,11:26:01,241,2,yes,,no,,no,,yes,lost,Sod,vegetative blazing star,4622507.88,434018.719,"2 cmw, 2 purple blazing star","4,622,527.65","434,002.89",387.8737507,128.9587918,387.8737507,128.9587918
2018,18178,a,18178a,AdaHayden,7/25/2018,0.49,7/26/2018,1,Stensland,n,battery,na,Perception,25,74.9,mostly clear,9.3,SE,11:57:00,12:03:07,367,3,yes,,no,grass,no,,no,,Sod,vegetative blazing star,4622507.88,434018.719,"2 cmw, 2 purple blazing star","4,622,527.65","434,002.89",43.06189615,98.84327538,47.44382889,108.2783721
2018,18179,a,18179a,AdaHayden,7/25/2018,,7/26/2018,1,Stensland,n,battery,na,Perception,25,78.2,mostly clear,9.2,SE,12:13:00,12:15:02,122,3,yes,,no,,no,,yes,lost,Sod,vegetative blazing star,4622507.88,434018.719,"2 cmw, 2 purple blazing star","4,622,527.65","434,002.89",167.6790449,112.7710013,43.6317373,116.0776142
2018,18180,a,18180a,AdaHayden,7/25/2018,0.37,7/26/2018,1,Stensland,n,battery,na,Perception,25,79.8,mostly clear,11.2,SE,13:10:00,13:12:07,127,3,yes,,no,grass,no,,no,,Sod,vegetative blazing star,4622507.88,434018.719,"2 cmw, 2 purple blazing star","4,622,527.65","434,002.89",79.46520496,88.06730741,53.02318927,95.13964349
2018,18181,a,18181a,AdaHayden,7/25/2018,0.56,7/26/2018,1,Stensland,n,battery,na,Perception,25,79.4,mostly clear,10.3,SE,13:20:00,13:25:06,306,4,yes,,no,grass,no,,yes,trees,Sod,vegetative blazing star,4622507.88,434018.719,"2 cmw, 2 purple blazing star","4,622,527.65","434,002.89",408.9487994,123.9558582,82.66598091,109.3423813
2018,18190,a,18190a,AdaHayden,7/27/2018,0.37,7/29/2018,2,BGE,n,transmitter,16,Perception,5,79,mostly clear,1,NW,10:29:00,10:40:45,705,5,yes,,no,grass,yes,potted resources as trap,no,,Sod,vegetative blazing star,4667964.808,612187.161,"2 cmw, 2 purple blazing star","4,667,967.51","612,191.40",46.06574866,271.9157823,4.351976562,55.5796243
2018,18191,a,18191a,AdaHayden,7/27/2018,0.45,7/29/2018,2,BGE,n,transmitter,16,Perception,5,83.5,mostly clear,2,light & variable,10:52:00,11:06:54,894,2,yes,,no,,no,,no,,Sod,vegetative blazing star,4667964.808,612187.161,"2 cmw, 2 purple blazing star","4,667,967.51","612,191.40",5.019372471,342.6119275,5.019372471,342.6119275
2018,18192,a,18192a,AdaHayden,7/27/2018,0.48,7/29/2018,2,BGE,n,transmitter,16,Perception,5,79,mostly clear,1,light & variable,11:16:00,11:28:09,729,5,yes,,no,blazing star,yes,potted resources as trap,no,,Sod,vegetative blazing star,4667964.808,612187.161,"2 cmw, 2 purple blazing star","4,667,967.51","612,191.40",22.65862308,248.3488496,30.55361517,270.881404
2018,18193,a,18193a,AdaHayden,7/27/2018,0.36,7/29/2018,2,BGE,n,transmitter,16,Perception,5,81,mostly clear,1,light & variable,11:39:00,11:54:00,900,1,no,15,no,,no,,no,,Sod,vegetative blazing star,4667964.808,612187.161,"2 cmw, 2 purple blazing star","4,667,967.51","612,191.40",,,,
2018,18194,a,18194a,AdaHayden,7/27/2018,0.46,7/29/2018,2,BGE,n,transmitter,16,Perception,5,78,mostly clear,1,light & variable,12:13:00,12:28:00,900,1,no,15,no,,no,,no,,Sod,vegetative blazing star,4667964.808,612187.161,"2 cmw, 2 purple blazing star","4,667,967.51","612,191.40",,,,
2018,18195,a,18195a,AdaHayden,7/27/2018,0.36,7/29/2018,2,BGE,n,transmitter,16,Perception,5,84,mostly clear,0.5,light & variable,12:35:00,12:46:59,719,6,yes,,no,grass,no,,no,,Sod,vegetative blazing star,4667964.808,612187.161,"2 cmw, 2 purple blazing star","4,667,967.51","612,191.40",12.75017255,76.15993686,1.212023102,86.68905847
2018,18196,a,18196a,AdaHayden,7/27/2018,0.51,7/29/2018,2,BGE,n,transmitter,16,Perception,5,78.5,mostly clear,1.5,light & variable,13:00:00,13:02:19,139,2,yes,,yes,blazing star,no,,no,,Sod,vegetative blazing star,4667964.808,612187.161,"2 cmw, 2 purple blazing star","4,667,967.51","612,191.40",5.147785932,55.84688399,5.147785932,55.84688399
2018,18197,a,18197a,AdaHayden,7/27/2018,0.47,7/29/2018,2,BGE,n,transmitter,16,Perception,5,78,mostly clear,1.5,light & variable,13:10:00,13:20:00,600,1,no,10,no,,no,,no,,Sod,vegetative blazing star,4667964.808,612187.161,"2 cmw, 2 purple blazing star","4,667,967.51","612,191.40",,,,
2018,18198,a,18198a,AdaHayden,7/27/2018,0.38,7/29/2018,2,BGE,n,transmitter,16,Perception,5,78,mostly clear,1.5,light & variable,13:26:00,13:30:57,297,2,yes,,no,grass,no,,no,,Sod,vegetative blazing star,4667964.808,612187.161,"2 cmw, 2 purple blazing star","4,667,967.51","612,191.40",0.761577311,23.1985905,0.761577311,23.1985905
2018,18199,a,18199a,AdaHayden,7/27/2018,0.49,7/29/2018,2,BGE,n,transmitter,16,Perception,5,88.5,mostly clear,3,light & variable,13:50:00,13:57:50,470,4,yes,,no,grass,no,,no,,Sod,vegetative blazing star,4667964.808,612187.161,"2 cmw, 2 purple blazing star","4,667,967.51","612,191.40",24.83181226,179.307777,0.39408121,35.70669137
2018,18200,a,18200a,AdaHayden,7/27/2018,0.37,7/29/2018,2,BGE,n,transmitter,16,Perception,5,79,mostly clear,1.5,light & variable,14:08:00,14:10:00,120,1,no,15,no,,no,,no,,Sod,vegetative blazing star,4667964.808,612187.161,"2 cmw, 2 purple blazing star","4,667,967.51","612,191.40",214.2620382,220.9084556,214.2620382,220.9084556
2018,18201,a,18201a,BGE,7/29/2018,0.47,7/29/2018,0,BGE,y,battery,na,Perception,5,83.5,mostly clear,0,light & variable,14:28:00,14:28:00,0,2,yes,,no,,no,,no,,Sod,vegetative blazing star,4667964.808,612187.161,"2 cmw, 2 purple blazing star","4,667,967.51","612,191.40",,,,
2018,18203,a,18203a,AdaHayden,7/30/2018,0.43,7/31/2018,1,Stensland,n,battery,na,Perception,75,83.3,mostly clear,3.3,SE,10:54:00,11:03:10,550,4,yes,,no,grass,no,,no,,Sod,vegetative blazing star,4622515.476,433995.11,"2 cmw, 2 purple blazing star","4,622,582.85","433,963.00",167.5110638,104.7646283,1.106752005,147.1714582
2018,18204,a,18204a,AdaHayden,7/30/2018,0.43,7/31/2018,1,Stensland,n,battery,na,Perception,75,87.8,mostly clear,0.4,SSE,11:12:00,11:18:07,367,4,yes,,yes,grass,no,,no,,Sod,vegetative blazing star,4622515.476,433995.11,"2 cmw, 2 purple blazing star","4,622,582.85","433,963.00",75.68230506,334.0816235,0.743034319,298.9797077
2018,18205,a,18205a,AdaHayden,7/30/2018,0.5,7/31/2018,1,Stensland,n,battery,na,Perception,75,86,mostly clear,0.8,SSE,11:31:00,11:33:10,130,4,yes,,no,,no,,no,,Sod,vegetative blazing star,4622515.476,433995.11,"2 cmw, 2 purple blazing star","4,622,582.85","433,963.00",3.786211827,80.1147466,0.521536192,327.5288077
2018,18206,a,18206a,AdaHayden,7/30/2018,,7/31/2018,1,Stensland,n,battery,na,Perception,75,87.2,mostly clear,4.7,SSE,11:42:00,11:55:33,813,4,yes,,no,,no,,yes,trees,Sod,vegetative blazing star,4622515.476,433995.11,"2 cmw, 2 purple blazing star","4,622,582.85","433,963.00",148.398814,254.9074221,86.12097596,242.3846141
2018,18207,a,18207a,IowaStateUniversity,7/30/2018,0.46,7/31/2018,1,Stensland,n,battery,na,Perception,75,89.4,mostly clear,0,SSE,12:18:00,12:33:00,900,1,no,15,no,,no,,no,,Sod,vegetative blazing star,4622515.476,433995.11,"2 cmw, 2 purple blazing star","4,622,582.85","433,963.00",,,,
2018,18208,a,18208a,AdaHayden,7/30/2018,,7/31/2018,1,Stensland,n,battery,na,Perception,75,84.3,mostly clear,4.7,SSE,12:39:00,12:41:11,131,5,yes,,no,grass,no,,yes,trees,Sod,vegetative blazing star,4622515.476,433995.11,"2 cmw, 2 purple blazing star","4,622,582.85","433,963.00",152.3208929,189.7517298,1.158015544,306.573031
2018,18209,a,18209a,AdaHayden,7/30/2018,0.54,7/31/2018,1,Stensland,n,battery,na,Perception,75,85.2,mostly clear,5.3,SSE,13:04:00,13:05:31,91,2,yes,,no,,no,,no,,Sod,vegetative blazing star,4622515.476,433995.11,"2 cmw, 2 purple blazing star","4,622,582.85","433,963.00",147.5243712,188.7688989,147.5243712,188.7688989
2018,18210,a,18210a,AdaHayden,7/30/2018,,7/31/2018,1,Stensland,n,battery,na,Perception,75,87.9,mostly clear,1.7,SSE,13:14:00,13:20:08,368,4,yes,,no,grass,no,,yes,lost,Sod,vegetative blazing star,4622515.476,433995.11,"2 cmw, 2 purple blazing star","4,622,582.85","433,963.00",154.5037336,269.2360521,9.234554673,268.2003996
2018,18211,a,18211a,AdaHayden,7/30/2018,0.53,7/31/2018,1,Stensland,n,battery,na,Perception,75,85.3,mostly clear,1.7,SSE,13:36:00,13:43:07,427,3,yes,,no,grass,no,,yes,vegetation,Sod,vegetative blazing star,4622515.476,433995.11,"2 cmw, 2 purple blazing star","4,622,582.85","433,963.00",154.4128816,209.4503277,7.440436816,222.2218892
2018,18212,a,18212a,AdaHayden,7/30/2018,0.5,7/31/2018,1,Stensland,n,battery,na,Perception,75,82.3,mostly clear,4,SSE,13:49:00,14:02:04,784,4,yes,,no,grass,no,,no,,Sod,vegetative blazing star,4622515.476,433995.11,"2 cmw, 2 purple blazing star","4,622,582.85","433,963.00",109.2811681,140.0373461,0.723671196,101.1546598
2017,17217,a,17217a,AdaHayden,8/4/2017,,8/5/2017,1,BGE,n,transmitter,na,Perception,5,74,mostly cloudy,4,NE,11:38:00,11:47:53,593,2,yes,,no,,no,,no ,,Sod,vegetative wild bergamot,4668591.425,613089.56,"2 cmw, 2 purple blazing star","4,668,589.35","613,085.37",118.0150249,39.01920537,118.0150249,39.01920537
